id,first_name,last_name,email,gender,ip_address
1,Justin,Alexander,jalexander0@indiatimes.com,Male,210.39.52.25
2,Donna,Stone,dstone1@alexa.com,Female,24.37.128.3
3,Lawrence,Ellis,lellis2@sakura.ne.jp,Male,219.48.185.220
4,Edward,Coleman,ecoleman3@typepad.com,Male,207.48.238.213
5,Mildred,Burton,mburton4@oaic.gov.au,Female,75.247.175.58
6,Irene,Ward,iward5@gov.uk,Female,239.97.243.178
7,Kelly,Sullivan,ksullivan6@businesswire.com,Female,43.70.87.170
8,Annie,Andrews,aandrews7@i2i.jp,Female,221.23.245.23
9,Daniel,Reed,dreed8@ibm.com,Male,198.36.115.135
10,Cheryl,Gonzales,cgonzales9@intel.com,Female,23.178.29.7
11,Phillip,Willis,pwillisa@cisco.com,Male,84.59.55.45
12,Louise,Ellis,lellisb@apple.com,Female,33.183.218.55
13,Eric,Garrett,egarrettc@prweb.com,Male,41.159.178.143
14,Aaron,Lawson,alawsond@123-reg.co.uk,Male,179.97.143.90
15,Pamela,Stephens,pstephense@youtube.com,Female,189.147.84.176
16,Craig,Knight,cknightf@latimes.com,Male,234.22.113.162
17,Jack,Burke,jburkeg@europa.eu,Male,80.51.42.218
18,Donald,Freeman,dfreemanh@jalbum.net,Male,224.66.8.70
19,Joshua,Dixon,jdixoni@pinterest.com,Male,62.24.211.129
20,Melissa,Kelly,mkellyj@amazon.co.uk,Female,95.198.29.66
21,Terry,Rogers,trogersk@sciencedirect.com,Male,88.21.41.130
22,Jane,Chavez,jchavezl@yahoo.co.jp,Female,43.130.142.66
23,Larry,Fowler,lfowlerm@photobucket.com,Male,134.180.168.229
24,Margaret,Miller,mmillern@ocn.ne.jp,Female,68.42.194.250
25,Ruth,Taylor,rtayloro@dmoz.org,Female,117.120.12.220
26,Paula,Wells,pwellsp@usgs.gov,Female,195.110.63.148
27,Doris,Hayes,dhayesq@umich.edu,Female,140.185.157.14
28,Annie,Reid,areidr@yellowpages.com,Female,150.244.190.234
29,Maria,Bishop,mbishops@is.gd,Female,236.167.235.135
30,Norma,Fernandez,nfernandezt@forbes.com,Female,149.229.170.109
31,Rose,Burton,rburtonu@miitbeian.gov.cn,Female,238.253.32.170
32,James,Hernandez,jhernandezv@skyrock.com,Male,101.71.182.114
33,Lawrence,Perez,lperezw@businesswire.com,Male,194.8.196.161
34,Christopher,Murphy,cmurphyx@prnewswire.com,Male,26.87.114.195
35,Rose,Anderson,randersony@nsw.gov.au,Female,99.117.203.222
36,Anna,Peterson,apetersonz@woothemes.com,Female,17.215.6.158
37,Michael,James,mjames10@nih.gov,Male,121.228.218.253
38,Katherine,Cunningham,kcunningham11@wired.com,Female,215.175.214.172
39,Bobby,Willis,bwillis12@oaic.gov.au,Male,218.72.244.211
40,Diana,Richardson,drichardson13@umich.edu,Female,127.241.48.185
41,Doris,Evans,devans14@gizmodo.com,Female,150.167.231.179
42,Brian,Rice,brice15@nifty.com,Male,52.190.254.238
43,Rebecca,Burke,rburke16@cloudflare.com,Female,142.17.247.75
44,Anne,Ross,aross17@baidu.com,Female,66.20.4.209
45,William,Hunter,whunter18@furl.net,Male,132.232.158.184
46,Jose,Turner,jturner19@usgs.gov,Male,202.85.12.208
47,Peter,Hughes,phughes1a@zimbio.com,Male,18.235.235.89
48,Ernest,Snyder,esnyder1b@eepurl.com,Male,177.50.165.174
49,Angela,White,awhite1c@amazon.co.uk,Female,98.200.68.124
50,Raymond,Bell,rbell1d@google.fr,Male,112.87.229.189
51,Kimberly,Stone,kstone1e@nature.com,Female,119.250.235.111
52,Michelle,Weaver,mweaver1f@lycos.com,Female,129.182.117.162
53,Edward,Sanders,esanders1g@phoca.cz,Male,28.57.95.222
54,Ruby,Arnold,rarnold1h@paginegialle.it,Female,109.127.243.54
55,Carol,Marshall,cmarshall1i@techcrunch.com,Female,170.81.206.189
56,Antonio,Hernandez,ahernandez1j@qq.com,Male,186.93.220.55
57,Jimmy,Montgomery,jmontgomery1k@free.fr,Male,255.202.154.76
58,William,Alvarez,walvarez1l@wisc.edu,Male,39.167.140.104
59,Maria,Warren,mwarren1m@fda.gov,Female,250.182.51.76
60,Rose,Williamson,rwilliamson1n@kickstarter.com,Female,222.180.2.255
61,Jeremy,Romero,jromero1o@earthlink.net,Male,255.22.210.3
62,Brian,Bennett,bbennett1p@meetup.com,Male,245.188.81.236
63,Kimberly,Sims,ksims1q@amazon.co.uk,Female,20.76.49.63
64,Ruby,Grant,rgrant1r@redcross.org,Female,142.38.180.94
65,Wanda,Brooks,wbrooks1s@desdev.cn,Female,183.37.192.186
66,John,Carter,jcarter1t@hc360.com,Male,191.221.72.22
67,Mark,Richards,mrichards1u@umich.edu,Male,191.39.0.204
68,Joshua,Palmer,jpalmer1v@nsw.gov.au,Male,63.145.178.189
69,Lori,Weaver,lweaver1w@thetimes.co.uk,Female,187.195.6.203
70,Eugene,Jordan,ejordan1x@mtv.com,Male,55.162.226.90
71,Katherine,Smith,ksmith1y@vkontakte.ru,Female,233.16.43.100
72,Amanda,Lewis,alewis1z@merriam-webster.com,Female,18.151.48.114
73,Wayne,Cruz,wcruz20@wikimedia.org,Male,73.107.4.25
74,Joyce,Welch,jwelch21@xing.com,Female,88.210.189.220
75,Juan,Phillips,jphillips22@naver.com,Male,244.130.240.238
76,Sara,Franklin,sfranklin23@engadget.com,Female,200.241.202.75
77,Henry,Fernandez,hfernandez24@taobao.com,Male,163.101.183.20
78,Denise,Schmidt,dschmidt25@prweb.com,Female,34.112.19.171
79,Amy,Lawson,alawson26@tumblr.com,Female,157.11.160.8
80,Jerry,Rose,jrose27@ocn.ne.jp,Male,60.179.118.59
81,Gerald,Reid,greid28@prnewswire.com,Male,21.99.41.181
82,Carl,Morris,cmorris29@networksolutions.com,Male,82.232.146.163
83,Willie,Pierce,wpierce2a@weebly.com,Male,74.228.137.228
84,Mark,Dean,mdean2b@rediff.com,Male,48.221.178.39
85,Wanda,Howard,whoward2c@smh.com.au,Female,199.8.49.212
86,Sandra,Andrews,sandrews2d@soundcloud.com,Female,228.191.34.95
87,Sharon,Wood,swood2e@linkedin.com,Female,183.6.22.17
88,Ernest,Sullivan,esullivan2f@latimes.com,Male,240.193.135.38
89,Janice,Peterson,jpeterson2g@rambler.ru,Female,105.32.209.62
90,Helen,Perkins,hperkins2h@google.cn,Female,73.226.65.95
91,Adam,Rice,arice2i@blogger.com,Male,59.105.176.211
92,Eric,Burns,eburns2j@parallels.com,Male,42.227.29.152
93,Laura,Stevens,lstevens2k@cargocollective.com,Female,236.206.33.20
94,Patricia,Hamilton,phamilton2l@blogger.com,Female,218.238.140.62
95,Janet,Scott,jscott2m@salon.com,Female,66.29.180.241
96,Kathleen,West,kwest2n@about.com,Female,205.175.178.12
97,Jerry,Franklin,jfranklin2o@nifty.com,Male,147.144.192.49
98,Gary,Wagner,gwagner2p@google.pl,Male,97.112.12.150
99,Robin,Spencer,rspencer2q@bloglovin.com,Female,5.39.23.168
100,Eric,Reynolds,ereynolds2r@ucsd.edu,Male,2.109.129.208
101,Susan,Medina,smedina2s@usatoday.com,Female,157.203.130.51
102,Louise,Tucker,ltucker2t@nyu.edu,Female,232.96.209.138
103,Peter,Harper,pharper2u@discuz.net,Male,98.199.187.227
104,Kathleen,Wright,kwright2v@guardian.co.uk,Female,95.210.0.197
105,Gerald,Payne,gpayne2w@blogspot.com,Male,213.26.189.69
106,Helen,Franklin,hfranklin2x@spotify.com,Female,224.101.26.33
107,Doris,Arnold,darnold2y@hugedomains.com,Female,79.206.204.136
108,Justin,Bowman,jbowman2z@posterous.com,Male,134.2.34.114
109,Karen,Murphy,kmurphy30@pinterest.com,Female,67.115.26.67
110,Deborah,Morrison,dmorrison31@gnu.org,Female,138.65.241.27
111,Evelyn,Hill,ehill32@zdnet.com,Female,138.27.151.97
112,Christina,Oliver,coliver33@unc.edu,Female,229.236.218.192
113,Howard,Willis,hwillis34@acquirethisname.com,Male,134.169.180.76
114,Fred,Jenkins,fjenkins35@ibm.com,Male,50.8.227.18
115,Christina,Moore,cmoore36@geocities.com,Female,201.198.18.80
116,Cynthia,Fields,cfields37@nymag.com,Female,242.103.196.90
117,Lillian,Cruz,lcruz38@sun.com,Female,181.198.15.88
118,Teresa,Perkins,tperkins39@ucoz.ru,Female,208.17.112.102
119,Kenneth,Brooks,kbrooks3a@theatlantic.com,Male,215.135.66.104
120,Keith,Fernandez,kfernandez3b@nifty.com,Male,132.53.139.202
121,Albert,Garrett,agarrett3c@examiner.com,Male,67.16.134.138
122,Diane,Hart,dhart3d@state.gov,Female,18.21.89.177
123,Earl,Johnson,ejohnson3e@salon.com,Male,1.153.249.216
124,Randy,Spencer,rspencer3f@bravesites.com,Male,245.70.85.107
125,Timothy,Davis,tdavis3g@creativecommons.org,Male,27.4.36.199
126,Jane,Alexander,jalexander3h@scientificamerican.com,Female,232.125.204.194
127,Carlos,Arnold,carnold3i@howstuffworks.com,Male,235.43.94.127
128,Lori,Moreno,lmoreno3j@examiner.com,Female,68.101.188.120
129,Elizabeth,Gomez,egomez3k@utexas.edu,Female,9.114.138.64
130,Raymond,Wells,rwells3l@dot.gov,Male,0.43.53.232
131,Andrew,Ramirez,aramirez3m@sourceforge.net,Male,72.66.111.149
132,Jacqueline,Lawrence,jlawrence3n@xinhuanet.com,Female,62.94.196.234
133,Marie,Meyer,mmeyer3o@mozilla.com,Female,54.189.207.106
134,Lawrence,Washington,lwashington3p@nbcnews.com,Male,12.149.76.6
135,Brian,Matthews,bmatthews3q@typepad.com,Male,67.86.219.91
136,Bonnie,Brooks,bbrooks3r@so-net.ne.jp,Female,30.118.204.212
137,Sandra,Gomez,sgomez3s@technorati.com,Female,141.99.105.183
138,Kathleen,Dunn,kdunn3t@vimeo.com,Female,152.126.115.76
139,Anna,Clark,aclark3u@biblegateway.com,Female,106.189.108.92
140,Cheryl,Dean,cdean3v@fema.gov,Female,57.127.152.28
141,Janet,Jones,jjones3w@adobe.com,Female,51.143.172.205
142,Janice,Adams,jadams3x@e-recht24.de,Female,63.176.209.113
143,Chris,Moreno,cmoreno3y@amazon.co.jp,Male,0.191.123.108
144,Lawrence,Peters,lpeters3z@google.co.jp,Male,26.222.93.190
145,Annie,Payne,apayne40@telegraph.co.uk,Female,41.168.76.167
146,William,Little,wlittle41@wp.com,Male,138.178.43.199
147,Clarence,Day,cday42@google.pl,Male,36.37.35.38
148,Kelly,Woods,kwoods43@yellowpages.com,Female,115.113.242.155
149,Stephanie,Cunningham,scunningham44@telegraph.co.uk,Female,27.62.81.117
150,Lois,Moreno,lmoreno45@addtoany.com,Female,88.110.16.95
151,Kenneth,Watson,kwatson46@etsy.com,Male,93.65.75.90
152,Teresa,Banks,tbanks47@merriam-webster.com,Female,83.9.8.146
153,Harry,Oliver,holiver48@sun.com,Male,37.222.18.9
154,Peter,Smith,psmith49@amazonaws.com,Male,78.79.247.6
155,Virginia,Hart,vhart4a@rediff.com,Female,49.40.83.190
156,Arthur,Hunt,ahunt4b@berkeley.edu,Male,160.114.190.11
157,James,Holmes,jholmes4c@ucla.edu,Male,148.65.182.48
158,Albert,Hansen,ahansen4d@patch.com,Male,140.185.65.139
159,Mark,Austin,maustin4e@blogs.com,Male,201.79.146.126
160,Jean,King,jking4f@friendfeed.com,Female,243.17.49.32
161,Linda,Gray,lgray4g@cyberchimps.com,Female,66.110.247.195
162,Andrea,Fernandez,afernandez4h@google.co.uk,Female,0.74.223.223
163,Carlos,Rice,crice4i@engadget.com,Male,137.41.84.67
164,Victor,Torres,vtorres4j@dailymail.co.uk,Male,243.159.115.193
165,Henry,Wilson,hwilson4k@livejournal.com,Male,46.130.141.204
166,Cheryl,Turner,cturner4l@sogou.com,Female,163.198.137.126
167,Gerald,Gomez,ggomez4m@joomla.org,Male,168.159.32.81
168,Antonio,Chapman,achapman4n@hc360.com,Male,3.10.198.243
169,Carol,Sims,csims4o@mapquest.com,Female,92.211.221.251
170,Michael,Crawford,mcrawford4p@usa.gov,Male,117.48.52.109
171,Gary,Lee,glee4q@si.edu,Male,70.132.9.41
172,Margaret,Mills,mmills4r@netvibes.com,Female,86.150.243.14
173,Walter,Reynolds,wreynolds4s@reddit.com,Male,153.24.158.245
174,Jerry,Parker,jparker4t@vinaora.com,Male,182.10.251.29
175,Albert,Clark,aclark4u@toplist.cz,Male,189.112.19.106
176,Martha,Lawrence,mlawrence4v@cafepress.com,Female,11.211.100.233
177,Amanda,Willis,awillis4w@creativecommons.org,Female,103.192.215.151
178,Bonnie,Carter,bcarter4x@intel.com,Female,182.162.23.72
179,Pamela,Meyer,pmeyer4y@icq.com,Female,156.55.170.44
180,Sharon,Garcia,sgarcia4z@cocolog-nifty.com,Female,175.91.168.59
181,Amanda,Webb,awebb50@mail.ru,Female,201.185.143.131
182,Kenneth,Garza,kgarza51@yolasite.com,Male,31.59.19.49
183,Jimmy,Simpson,jsimpson52@yolasite.com,Male,113.55.10.119
184,Joseph,Clark,jclark53@cam.ac.uk,Male,246.173.21.34
185,Lori,Edwards,ledwards54@comsenz.com,Female,152.30.82.178
186,William,Brown,wbrown55@dedecms.com,Male,58.181.131.44
187,Nicholas,Barnes,nbarnes56@meetup.com,Male,163.40.216.15
188,Bruce,Taylor,btaylor57@wunderground.com,Male,170.101.158.242
189,Anthony,Hernandez,ahernandez58@discovery.com,Male,33.203.147.5
190,Jacqueline,Flores,jflores59@slideshare.net,Female,85.108.30.146
191,Todd,Gonzales,tgonzales5a@purevolume.com,Male,50.252.235.183
192,Cynthia,Jenkins,cjenkins5b@ftc.gov,Female,210.110.159.125
193,Steve,Burton,sburton5c@unesco.org,Male,133.112.106.220
194,Emily,Clark,eclark5d@mapquest.com,Female,153.179.209.30
195,Willie,Medina,wmedina5e@nasa.gov,Male,235.223.49.145
196,Alan,Spencer,aspencer5f@unesco.org,Male,235.170.190.186
197,Donald,Fuller,dfuller5g@liveinternet.ru,Male,255.154.123.207
198,Kathy,Moore,kmoore5h@51.la,Female,36.230.55.242
199,Tina,Porter,tporter5i@deliciousdays.com,Female,122.208.210.62
200,Doris,Vasquez,dvasquez5j@ucla.edu,Female,98.143.137.69
201,Kimberly,Day,kday5k@yolasite.com,Female,116.15.105.254
202,Carl,Allen,callen5l@indiatimes.com,Male,27.211.92.85
203,Gloria,Henderson,ghenderson5m@live.com,Female,76.110.112.214
204,Jerry,Sanchez,jsanchez5n@dagondesign.com,Male,195.241.207.121
205,Michael,Lewis,mlewis5o@sciencedaily.com,Male,103.120.47.86
206,Julia,Stephens,jstephens5p@webnode.com,Female,8.186.61.62
207,Sara,Sanchez,ssanchez5q@sciencedaily.com,Female,105.122.180.129
208,Nicholas,Warren,nwarren5r@mozilla.com,Male,181.105.113.113
209,Cynthia,Lawson,clawson5s@mac.com,Female,115.62.216.81
210,Robin,Elliott,relliott5t@census.gov,Female,135.113.248.219
211,Jose,Brown,jbrown5u@dailymail.co.uk,Male,96.71.133.53
212,Alice,Perez,aperez5v@washingtonpost.com,Female,211.14.153.38
213,Gregory,Rivera,grivera5w@reference.com,Male,202.164.31.104
214,Julia,Dean,jdean5x@dailymotion.com,Female,78.62.56.41
215,Amanda,Mcdonald,amcdonald5y@dedecms.com,Female,248.47.24.54
216,Andrew,Rivera,arivera5z@youtube.com,Male,45.236.181.126
217,Craig,Jenkins,cjenkins60@homestead.com,Male,94.127.11.127
218,Andrea,Lopez,alopez61@youtu.be,Female,237.72.152.60
219,Amanda,Watson,awatson62@mozilla.com,Female,210.33.159.60
220,Jimmy,Wells,jwells63@nationalgeographic.com,Male,218.206.226.197
221,Theresa,Hughes,thughes64@eepurl.com,Female,249.135.62.97
222,Jeremy,Owens,jowens65@youku.com,Male,170.205.120.46
223,Earl,Gomez,egomez66@bing.com,Male,223.157.184.38
224,Kimberly,Fuller,kfuller67@typepad.com,Female,93.235.138.125
225,Teresa,Stanley,tstanley68@exblog.jp,Female,41.54.20.181
226,Julie,Anderson,janderson69@imgur.com,Female,21.95.166.237
227,Fred,Cox,fcox6a@hp.com,Male,247.2.178.5
228,Andrea,Smith,asmith6b@google.pl,Female,103.217.243.100
229,Phillip,Flores,pflores6c@hatena.ne.jp,Male,147.125.140.237
230,Sara,Russell,srussell6d@domainmarket.com,Female,95.80.49.51
231,Gregory,Rice,grice6e@free.fr,Male,3.117.167.133
232,Janice,Price,jprice6f@jimdo.com,Female,78.119.242.146
233,Brian,Woods,bwoods6g@opensource.org,Male,173.5.242.88
234,Julia,Robertson,jrobertson6h@sogou.com,Female,207.27.3.46
235,Edward,Watkins,ewatkins6i@dedecms.com,Male,8.175.243.182
236,Joseph,Henry,jhenry6j@theatlantic.com,Male,215.222.37.226
237,Michael,Bell,mbell6k@paginegialle.it,Male,128.53.159.72
238,Frank,Hall,fhall6l@google.co.uk,Male,103.245.158.67
239,Martha,Ross,mross6m@technorati.com,Female,27.37.143.247
240,Ronald,Hamilton,rhamilton6n@netvibes.com,Male,216.45.109.87
241,Carl,Knight,cknight6o@noaa.gov,Male,202.131.136.219
242,Norma,Woods,nwoods6p@booking.com,Female,27.198.168.60
243,Donna,Sullivan,dsullivan6q@economist.com,Female,108.106.74.8
244,Earl,Moreno,emoreno6r@digg.com,Male,158.134.174.151
245,Judy,Scott,jscott6s@google.fr,Female,68.70.148.174
246,Norma,Price,nprice6t@bravesites.com,Female,121.148.62.189
247,Katherine,Alexander,kalexander6u@rakuten.co.jp,Female,183.110.143.174
248,Anne,Jenkins,ajenkins6v@microsoft.com,Female,39.211.77.199
249,Carl,Hansen,chansen6w@delicious.com,Male,241.202.178.39
250,Roger,Coleman,rcoleman6x@wiley.com,Male,44.112.98.39
251,Teresa,Peters,tpeters6y@sciencedirect.com,Female,58.13.137.51
252,Kathryn,Richards,krichards6z@posterous.com,Female,80.135.106.56
253,Carl,Lewis,clewis70@instagram.com,Male,194.161.182.196
254,Cynthia,Fox,cfox71@prnewswire.com,Female,161.131.122.170
255,Wanda,Jones,wjones72@dell.com,Female,132.176.46.23
256,Paul,Richards,prichards73@admin.ch,Male,187.176.67.177
257,Arthur,Ramirez,aramirez74@vistaprint.com,Male,1.143.43.235
258,Jerry,Patterson,jpatterson75@amazonaws.com,Male,7.115.167.224
259,Kenneth,Martinez,kmartinez76@list-manage.com,Male,164.158.56.127
260,Emily,Woods,ewoods77@deviantart.com,Female,97.75.97.49
261,Brandon,Price,bprice78@homestead.com,Male,156.129.60.27
262,Michael,Simmons,msimmons79@dot.gov,Male,102.91.43.197
263,Chris,Powell,cpowell7a@jiathis.com,Male,219.16.188.161
264,Jerry,Gardner,jgardner7b@imageshack.us,Male,90.32.30.224
265,Kelly,Mccoy,kmccoy7c@quantcast.com,Female,244.42.91.28
266,David,Peters,dpeters7d@multiply.com,Male,129.241.101.161
267,Denise,Gardner,dgardner7e@hhs.gov,Female,243.41.0.223
268,Thomas,Peters,tpeters7f@ted.com,Male,180.228.78.129
269,Jack,Freeman,jfreeman7g@blogs.com,Male,2.90.13.210
270,Martha,Morales,mmorales7h@shop-pro.jp,Female,172.190.28.211
271,Kathryn,Bennett,kbennett7i@amazon.com,Female,2.78.184.255
272,Walter,Reid,wreid7j@amazon.com,Male,37.230.235.222
273,Walter,Allen,wallen7k@amazon.com,Male,103.121.156.139
274,Charles,Perez,cperez7l@skyrock.com,Male,132.53.88.189
275,Jean,Stewart,jstewart7m@biblegateway.com,Female,204.228.78.119
276,Carol,Marshall,cmarshall7n@mail.ru,Female,27.209.117.71
277,Robin,West,rwest7o@noaa.gov,Female,224.25.97.101
278,Amanda,Tucker,atucker7p@google.com.hk,Female,102.180.133.13
279,Walter,Carroll,wcarroll7q@geocities.com,Male,213.105.184.247
280,Michelle,Tucker,mtucker7r@telegraph.co.uk,Female,124.51.159.209
281,Kelly,Wilson,kwilson7s@homestead.com,Female,194.185.155.128
282,Larry,Austin,laustin7t@irs.gov,Male,61.232.132.98
283,Ruby,Little,rlittle7u@narod.ru,Female,232.211.108.222
284,Joseph,Edwards,jedwards7v@netlog.com,Male,89.228.112.2
285,Douglas,Cunningham,dcunningham7w@hugedomains.com,Male,165.25.53.76
286,Ruby,Matthews,rmatthews7x@accuweather.com,Female,131.84.229.30
287,Brian,Sanchez,bsanchez7y@networkadvertising.org,Male,229.224.184.139
288,Albert,Berry,aberry7z@ifeng.com,Male,47.86.225.237
289,Edward,Robinson,erobinson80@yelp.com,Male,16.197.91.84
290,Eric,Hunt,ehunt81@hibu.com,Male,233.178.175.134
291,Gerald,Gardner,ggardner82@ebay.co.uk,Male,82.205.195.123
292,Heather,Alvarez,halvarez83@etsy.com,Female,157.131.1.204
293,Justin,Hayes,jhayes84@about.me,Male,148.76.119.242
294,Arthur,Gilbert,agilbert85@github.io,Male,56.108.101.127
295,Steven,Arnold,sarnold86@live.com,Male,139.56.178.253
296,Brian,Fox,bfox87@google.it,Male,209.211.110.213
297,Scott,Henderson,shenderson88@purevolume.com,Male,52.109.98.163
298,Russell,Franklin,rfranklin89@dailymail.co.uk,Male,128.208.14.248
299,Rachel,Bryant,rbryant8a@mac.com,Female,168.244.177.12
300,Peter,Hernandez,phernandez8b@wsj.com,Male,179.31.114.208
301,Louis,Allen,lallen8c@berkeley.edu,Male,31.216.186.54
302,Julie,Willis,jwillis8d@intel.com,Female,53.161.15.139
303,Robert,Ramos,rramos8e@hhs.gov,Male,230.236.19.44
304,Jack,Smith,jsmith8f@e-recht24.de,Male,246.35.231.171
305,Virginia,Warren,vwarren8g@theglobeandmail.com,Female,65.217.98.180
306,Linda,Ferguson,lferguson8h@cpanel.net,Female,236.235.117.131
307,Rose,Spencer,rspencer8i@walmart.com,Female,151.232.126.208
308,Nicole,Harris,nharris8j@1und1.de,Female,197.60.177.13
309,Martin,Perry,mperry8k@cdbaby.com,Male,29.55.64.248
310,Antonio,Baker,abaker8l@archive.org,Male,254.217.19.198
311,Paul,James,pjames8m@51.la,Male,242.220.63.223
312,Samuel,Anderson,sanderson8n@bloglines.com,Male,160.67.77.224
313,Martha,Ellis,mellis8o@unc.edu,Female,92.172.34.235
314,Sandra,Fernandez,sfernandez8p@unblog.fr,Female,112.211.3.233
315,Philip,Burton,pburton8q@go.com,Male,85.234.12.142
316,Judy,Fields,jfields8r@cbslocal.com,Female,196.111.187.199
317,Linda,Flores,lflores8s@issuu.com,Female,177.29.109.250
318,Doris,Hayes,dhayes8t@virginia.edu,Female,249.169.173.222
319,Martha,Gonzalez,mgonzalez8u@wikia.com,Female,67.43.199.4
320,Patricia,Hudson,phudson8v@joomla.org,Female,175.131.140.146
321,Brandon,Olson,bolson8w@free.fr,Male,107.222.83.139
322,Douglas,Tucker,dtucker8x@ucsd.edu,Male,46.148.11.253
323,Jeffrey,Berry,jberry8y@soup.io,Male,238.123.244.230
324,Kenneth,Diaz,kdiaz8z@ihg.com,Male,72.103.84.25
325,Ralph,Ward,rward90@usgs.gov,Male,150.230.137.240
326,Lois,Vasquez,lvasquez91@fda.gov,Female,134.128.199.239
327,Lisa,Andrews,landrews92@hostgator.com,Female,190.230.148.89
328,Ruby,Flores,rflores93@goodreads.com,Female,67.220.82.174
329,Donald,Little,dlittle94@domainmarket.com,Male,144.90.64.125
330,Jean,Taylor,jtaylor95@tiny.cc,Female,93.138.119.241
331,Anne,Carr,acarr96@histats.com,Female,204.178.2.97
332,Scott,Gardner,sgardner97@imageshack.us,Male,129.131.200.171
333,Randy,Hamilton,rhamilton98@psu.edu,Male,171.107.133.160
334,Arthur,Collins,acollins99@disqus.com,Male,37.84.184.93
335,Wanda,Phillips,wphillips9a@independent.co.uk,Female,66.82.145.184
336,Harold,Pierce,hpierce9b@java.com,Male,40.143.246.2
337,Clarence,Reyes,creyes9c@yandex.ru,Male,54.35.61.38
338,Diane,Morales,dmorales9d@oracle.com,Female,87.35.27.192
339,George,Daniels,gdaniels9e@adobe.com,Male,242.83.125.86
340,Ann,Kelley,akelley9f@so-net.ne.jp,Female,26.138.97.245
341,Bonnie,Diaz,bdiaz9g@bandcamp.com,Female,3.120.158.241
342,Ernest,Ford,eford9h@sohu.com,Male,84.106.187.54
343,Jean,Washington,jwashington9i@cnbc.com,Female,233.70.148.55
344,Amy,Ford,aford9j@economist.com,Female,180.131.175.208
345,Robin,Ortiz,rortiz9k@miibeian.gov.cn,Female,102.98.166.205
346,Kathleen,Lopez,klopez9l@usatoday.com,Female,89.223.67.245
347,Terry,Bennett,tbennett9m@ox.ac.uk,Male,249.29.248.137
348,Jonathan,Jones,jjones9n@last.fm,Male,115.180.93.168
349,Lillian,Long,llong9o@example.com,Female,79.135.69.48
350,Mary,Lewis,mlewis9p@yandex.ru,Female,185.60.254.212
351,Charles,Patterson,cpatterson9q@epa.gov,Male,107.237.46.59
352,Benjamin,Johnston,bjohnston9r@ucoz.ru,Male,88.86.109.210
353,Philip,Reyes,preyes9s@jigsy.com,Male,126.39.64.152
354,Stephen,Evans,sevans9t@meetup.com,Male,132.222.225.240
355,Anthony,Carpenter,acarpenter9u@soundcloud.com,Male,190.36.138.200
356,Ralph,Henry,rhenry9v@independent.co.uk,Male,195.81.134.134
357,Phyllis,Parker,pparker9w@dedecms.com,Female,176.59.113.237
358,Donald,Mcdonald,dmcdonald9x@blogs.com,Male,195.64.233.244
359,Robert,Fisher,rfisher9y@vkontakte.ru,Male,24.71.70.135
360,Ernest,Brown,ebrown9z@ft.com,Male,27.34.25.207
361,Mildred,Gray,mgraya0@fotki.com,Female,182.19.105.79
362,Shirley,Wilson,swilsona1@netlog.com,Female,35.32.254.171
363,Teresa,Watkins,twatkinsa2@topsy.com,Female,221.29.35.199
364,Samuel,Howard,showarda3@123-reg.co.uk,Male,176.15.243.232
365,Johnny,Hayes,jhayesa4@drupal.org,Male,30.158.147.211
366,Lisa,Lee,lleea5@tinyurl.com,Female,51.159.141.151
367,Helen,Sanchez,hsancheza6@vk.com,Female,166.108.214.169
368,Stephen,Hunter,shuntera7@npr.org,Male,142.121.181.100
369,Jason,Kelley,jkelleya8@toplist.cz,Male,79.17.130.146
370,Jean,Wallace,jwallacea9@miibeian.gov.cn,Female,166.166.2.185
371,Catherine,Collins,ccollinsaa@toplist.cz,Female,213.131.16.155
372,George,Oliver,goliverab@fotki.com,Male,67.123.147.82
373,Walter,Smith,wsmithac@istockphoto.com,Male,230.179.200.99
374,Wanda,Harvey,wharveyad@boston.com,Female,166.247.188.234
375,Carlos,Frazier,cfrazierae@rediff.com,Male,104.57.32.20
376,Catherine,Sullivan,csullivanaf@vistaprint.com,Female,29.126.192.6
377,Bonnie,Wright,bwrightag@chicagotribune.com,Female,4.156.181.35
378,Adam,Grant,agrantah@google.co.jp,Male,1.89.79.147
379,Kelly,Thomas,kthomasai@dion.ne.jp,Female,140.239.1.77
380,Rebecca,Boyd,rboydaj@go.com,Female,119.32.31.148
381,Kimberly,Murray,kmurrayak@nhs.uk,Female,52.208.57.210
382,Laura,Montgomery,lmontgomeryal@sphinn.com,Female,168.38.52.136
383,Scott,Porter,sporteram@nydailynews.com,Male,241.96.203.19
384,Fred,Hicks,fhicksan@hibu.com,Male,206.24.90.175
385,Sandra,Bailey,sbaileyao@disqus.com,Female,176.182.106.10
386,Larry,Hamilton,lhamiltonap@elegantthemes.com,Male,135.172.208.145
387,Jerry,Henderson,jhendersonaq@jiathis.com,Male,16.220.190.121
388,Juan,Wheeler,jwheelerar@alibaba.com,Male,70.99.119.222
389,Kimberly,Harvey,kharveyas@japanpost.jp,Female,94.162.237.169
390,Doris,Rivera,driveraat@ow.ly,Female,65.168.188.82
391,Bruce,Fields,bfieldsau@freewebs.com,Male,222.87.33.94
392,Dennis,Jones,djonesav@google.pl,Male,241.76.74.218
393,Evelyn,Morrison,emorrisonaw@reverbnation.com,Female,108.252.234.149
394,Jose,Franklin,jfranklinax@un.org,Male,16.223.28.154
395,Benjamin,Grant,bgrantay@hc360.com,Male,137.206.27.228
396,Juan,Jenkins,jjenkinsaz@hexun.com,Male,7.20.28.58
397,Judy,Hudson,jhudsonb0@umich.edu,Female,90.9.147.59
398,Gregory,Sullivan,gsullivanb1@hp.com,Male,156.34.102.212
399,Anthony,Perkins,aperkinsb2@symantec.com,Male,201.81.169.50
400,Matthew,Moreno,mmorenob3@nps.gov,Male,76.64.247.138
401,Janice,Mills,jmillsb4@ftc.gov,Female,52.220.180.217
402,Judy,Watkins,jwatkinsb5@w3.org,Female,67.201.134.231
403,Rachel,Myers,rmyersb6@constantcontact.com,Female,202.108.235.67
404,Jose,Hunter,jhunterb7@bizjournals.com,Male,249.122.168.1
405,Joe,Ramirez,jramirezb8@google.com.hk,Male,254.32.239.61
406,Wanda,Mendoza,wmendozab9@jigsy.com,Female,248.138.117.217
407,Joyce,Lewis,jlewisba@ca.gov,Female,142.151.181.6
408,Kenneth,Morrison,kmorrisonbb@sciencedaily.com,Male,205.205.34.51
409,Kathryn,Campbell,kcampbellbc@yelp.com,Female,255.229.230.135
410,Keith,Meyer,kmeyerbd@sourceforge.net,Male,214.128.162.56
411,Gregory,Kennedy,gkennedybe@twitpic.com,Male,224.150.64.56
412,Doris,Welch,dwelchbf@army.mil,Female,195.95.16.172
413,Carl,Stephens,cstephensbg@reuters.com,Male,119.78.242.246
414,Kathryn,Fowler,kfowlerbh@whitehouse.gov,Female,128.142.160.107
415,Alan,Russell,arussellbi@sakura.ne.jp,Male,5.151.94.249
416,Christina,Cruz,ccruzbj@networksolutions.com,Female,161.118.187.180
417,Thomas,Stevens,tstevensbk@so-net.ne.jp,Male,192.176.164.113
418,Joyce,White,jwhitebl@google.it,Female,32.25.1.73
419,Willie,Howard,whowardbm@joomla.org,Male,128.61.227.224
420,Arthur,Jackson,ajacksonbn@drupal.org,Male,146.208.4.223
421,Ashley,Harrison,aharrisonbo@oakley.com,Female,233.61.187.76
422,Aaron,Green,agreenbp@dot.gov,Male,7.28.58.224
423,Steven,Morris,smorrisbq@abc.net.au,Male,90.196.101.243
424,Ann,Gomez,agomezbr@arizona.edu,Female,233.216.181.27
425,Amy,Edwards,aedwardsbs@domainmarket.com,Female,69.128.106.244
426,Mildred,Cole,mcolebt@freewebs.com,Female,128.5.176.215
427,Gary,Lee,gleebu@nytimes.com,Male,168.144.51.112
428,Nicholas,Hart,nhartbv@samsung.com,Male,208.13.180.38
429,Anthony,Edwards,aedwardsbw@bloglines.com,Male,232.6.137.94
430,Virginia,Wright,vwrightbx@tripod.com,Female,75.37.108.3
431,Victor,Myers,vmyersby@artisteer.com,Male,100.39.173.92
432,Janet,Wilson,jwilsonbz@scribd.com,Female,28.79.202.114
433,Deborah,Diaz,ddiazc0@comcast.net,Female,118.50.223.189
434,Carlos,Hernandez,chernandezc1@friendfeed.com,Male,132.62.151.6
435,Evelyn,Jackson,ejacksonc2@dell.com,Female,115.172.112.22
436,Ryan,Marshall,rmarshallc3@typepad.com,Male,190.253.105.149
437,Charles,Woods,cwoodsc4@infoseek.co.jp,Male,131.22.173.48
438,Steve,Bradley,sbradleyc5@stumbleupon.com,Male,97.157.227.48
439,Charles,Ramirez,cramirezc6@slate.com,Male,160.72.129.27
440,Lillian,Hansen,lhansenc7@altervista.org,Female,29.180.234.64
441,Denise,Graham,dgrahamc8@networksolutions.com,Female,240.252.133.69
442,Gloria,Schmidt,gschmidtc9@deviantart.com,Female,100.207.38.126
443,Sean,Foster,sfosterca@e-recht24.de,Male,222.245.33.231
444,Shirley,Olson,solsoncb@about.com,Female,236.70.199.35
445,Jacqueline,Reed,jreedcc@washington.edu,Female,180.166.87.140
446,Jimmy,Bishop,jbishopcd@mediafire.com,Male,163.236.195.219
447,Phyllis,Bradley,pbradleyce@mlb.com,Female,177.104.121.30
448,Janet,Greene,jgreenecf@pcworld.com,Female,87.205.155.149
449,Alan,Meyer,ameyercg@uol.com.br,Male,129.173.217.211
450,Henry,Crawford,hcrawfordch@histats.com,Male,180.108.205.51
451,Ann,Henry,ahenryci@wiley.com,Female,221.51.212.146
452,Juan,Armstrong,jarmstrongcj@europa.eu,Male,160.54.145.43
453,Phyllis,Ferguson,pfergusonck@twitter.com,Female,161.182.202.219
454,Marie,Edwards,medwardscl@youtube.com,Female,63.231.198.174
455,Harry,Reynolds,hreynoldscm@amazon.com,Male,52.219.192.253
456,Andrew,Gordon,agordoncn@gmpg.org,Male,79.255.207.199
457,Anna,Murphy,amurphyco@arstechnica.com,Female,29.102.160.208
458,Samuel,Howard,showardcp@sun.com,Male,124.42.48.246
459,Mildred,Wagner,mwagnercq@slideshare.net,Female,21.198.95.216
460,Robert,Sanchez,rsanchezcr@ftc.gov,Male,55.71.54.143
461,Alan,Fields,afieldscs@naver.com,Male,203.152.18.176
462,Nicole,Stanley,nstanleyct@hibu.com,Female,151.53.29.136
463,Joseph,Weaver,jweavercu@yelp.com,Male,75.2.100.210
464,Stephanie,Anderson,sandersoncv@jiathis.com,Female,45.143.154.253
465,Daniel,Ramos,dramoscw@cnet.com,Male,129.190.246.249
466,Randy,Knight,rknightcx@flickr.com,Male,158.169.238.207
467,Theresa,Lynch,tlynchcy@woothemes.com,Female,11.201.120.15
468,Kathryn,Stanley,kstanleycz@bandcamp.com,Female,111.104.80.234
469,Kathy,Lawson,klawsond0@about.me,Female,42.154.201.200
470,Christopher,Alvarez,calvarezd1@dyndns.org,Male,233.152.172.134
471,Ruby,Long,rlongd2@wikimedia.org,Female,54.16.233.201
472,Stephen,Phillips,sphillipsd3@google.cn,Male,240.62.149.105
473,Virginia,Carpenter,vcarpenterd4@bravesites.com,Female,247.241.217.208
474,Rose,Riley,rrileyd5@ucoz.ru,Female,3.192.240.152
475,Harry,Welch,hwelchd6@live.com,Male,171.253.99.34
476,Lori,Little,llittled7@cyberchimps.com,Female,154.196.162.245
477,Kenneth,Burton,kburtond8@infoseek.co.jp,Male,63.99.0.13
478,Cheryl,Hamilton,chamiltond9@independent.co.uk,Female,79.21.55.245
479,Howard,Armstrong,harmstrongda@umich.edu,Male,144.168.225.35
480,Jean,Thomas,jthomasdb@examiner.com,Female,155.5.12.202
481,Carlos,Hayes,chayesdc@globo.com,Male,239.74.196.209
482,Donald,Peterson,dpetersondd@amazon.de,Male,160.18.80.102
483,Jerry,Rodriguez,jrodriguezde@example.com,Male,93.108.104.35
484,Willie,Wright,wwrightdf@uol.com.br,Male,242.22.210.197
485,Kevin,Carter,kcarterdg@ucoz.ru,Male,82.164.183.92
486,Lawrence,Robertson,lrobertsondh@yandex.ru,Male,225.189.29.44
487,Donald,Bailey,dbaileydi@unc.edu,Male,230.46.50.68
488,Ryan,Black,rblackdj@dailymail.co.uk,Male,255.67.216.94
489,Chris,Garza,cgarzadk@businessinsider.com,Male,36.166.102.200
490,Amanda,Gilbert,agilbertdl@msn.com,Female,238.69.160.232
491,David,Sanchez,dsanchezdm@flavors.me,Male,213.225.27.216
492,Samuel,Carr,scarrdn@addtoany.com,Male,93.253.57.11
493,Dorothy,Schmidt,dschmidtdo@biglobe.ne.jp,Female,57.246.161.67
494,Teresa,Ford,tforddp@npr.org,Female,2.125.136.245
495,Sarah,Young,syoungdq@tumblr.com,Female,240.67.42.38
496,Brian,Pierce,bpiercedr@people.com.cn,Male,91.205.103.218
497,Melissa,Robertson,mrobertsonds@de.vu,Female,194.230.205.68
498,Judy,Fowler,jfowlerdt@furl.net,Female,82.108.226.50
499,Ronald,Lee,rleedu@patch.com,Male,242.62.140.133
500,William,Cunningham,wcunninghamdv@rambler.ru,Male,16.6.75.227
501,Willie,Shaw,wshawdw@google.com,Male,121.193.190.116
502,Louise,Gibson,lgibsondx@yale.edu,Female,57.126.212.212
503,Brenda,Fernandez,bfernandezdy@hubpages.com,Female,212.65.87.100
504,Susan,Murray,smurraydz@irs.gov,Female,70.74.245.86
505,Dennis,Wilson,dwilsone0@boston.com,Male,146.114.209.218
506,Mildred,Larson,mlarsone1@latimes.com,Female,102.35.208.234
507,Patricia,Cruz,pcruze2@dot.gov,Female,135.82.211.42
508,Rose,Jenkins,rjenkinse3@unicef.org,Female,3.110.184.160
509,Sean,Butler,sbutlere4@answers.com,Male,89.153.116.124
510,Ruth,Vasquez,rvasqueze5@ucsd.edu,Female,245.184.228.99
511,Alice,Parker,aparkere6@upenn.edu,Female,103.171.1.176
512,Stephanie,Green,sgreene7@symantec.com,Female,72.50.155.178
513,Willie,Duncan,wduncane8@utexas.edu,Male,236.249.240.230
514,Andrea,Oliver,aolivere9@ovh.net,Female,225.227.66.119
515,Irene,Mcdonald,imcdonaldea@sciencedirect.com,Female,10.35.194.109
516,Ashley,Morgan,amorganeb@cocolog-nifty.com,Female,179.231.240.105
517,Henry,Gonzales,hgonzalesec@addtoany.com,Male,73.112.76.209
518,Sean,Jenkins,sjenkinsed@posterous.com,Male,150.226.2.193
519,Heather,Montgomery,hmontgomeryee@mayoclinic.com,Female,214.173.46.102
520,Gregory,Andrews,gandrewsef@blinklist.com,Male,136.186.195.177
521,Diane,Hawkins,dhawkinseg@nifty.com,Female,111.178.242.121
522,Justin,Morales,jmoraleseh@canalblog.com,Male,119.224.166.30
523,Antonio,Edwards,aedwardsei@biblegateway.com,Male,162.0.103.145
524,Shirley,Gonzalez,sgonzalezej@xrea.com,Female,66.140.36.89
525,Jessica,Gomez,jgomezek@thetimes.co.uk,Female,234.205.53.121
526,Sarah,Garrett,sgarrettel@networksolutions.com,Female,147.240.207.32
527,Gary,Thompson,gthompsonem@google.ca,Male,251.200.129.113
528,Eric,Russell,erussellen@huffingtonpost.com,Male,30.246.133.163
529,Scott,Ramirez,sramirezeo@samsung.com,Male,236.75.3.56
530,Jennifer,Porter,jporterep@wsj.com,Female,200.28.124.181
531,Christine,Hudson,chudsoneq@usa.gov,Female,255.192.95.173
532,Bruce,Franklin,bfrankliner@marriott.com,Male,158.53.183.37
533,Nancy,Palmer,npalmeres@auda.org.au,Female,171.163.170.151
534,Lois,Welch,lwelchet@cdbaby.com,Female,220.117.99.94
535,Jennifer,Jenkins,jjenkinseu@eventbrite.com,Female,92.80.246.83
536,Wayne,Bowman,wbowmanev@marketwatch.com,Male,19.117.44.237
537,Joyce,Mills,jmillsew@1688.com,Female,247.221.51.53
538,Cheryl,Riley,crileyex@nasa.gov,Female,98.47.245.96
539,Kathryn,Gordon,kgordoney@goo.ne.jp,Female,137.60.32.132
540,Norma,Coleman,ncolemanez@edublogs.org,Female,88.14.38.197
541,Terry,Owens,towensf0@europa.eu,Male,37.234.131.175
542,Anne,Hawkins,ahawkinsf1@hhs.gov,Female,224.73.194.109
543,Scott,Harris,sharrisf2@com.com,Male,83.25.33.52
544,Roy,Payne,rpaynef3@reference.com,Male,215.149.225.211
545,Michelle,Watson,mwatsonf4@opera.com,Female,99.115.95.53
546,Debra,Lynch,dlynchf5@japanpost.jp,Female,35.133.212.200
547,Steve,Cunningham,scunninghamf6@phpbb.com,Male,241.231.19.206
548,Aaron,Reed,areedf7@webmd.com,Male,58.207.153.247
549,Marilyn,Wood,mwoodf8@home.pl,Female,3.107.77.214
550,Martin,Fox,mfoxf9@time.com,Male,32.123.202.48
551,Marie,Williams,mwilliamsfa@wufoo.com,Female,239.225.146.13
552,Sharon,Moreno,smorenofb@booking.com,Female,197.194.26.96
553,Dorothy,Olson,dolsonfc@dailymotion.com,Female,130.18.70.2
554,Ronald,Bryant,rbryantfd@adobe.com,Male,139.169.101.167
555,Jane,Morales,jmoralesfe@taobao.com,Female,152.32.244.164
556,Beverly,Rodriguez,brodriguezff@google.pl,Female,49.98.151.218
557,Jack,Gomez,jgomezfg@independent.co.uk,Male,31.250.42.142
558,Alice,Foster,afosterfh@parallels.com,Female,177.68.30.34
559,Janet,Henderson,jhendersonfi@1688.com,Female,142.73.116.231
560,Gregory,Ross,grossfj@xing.com,Male,56.15.104.95
561,Ronald,Bishop,rbishopfk@wordpress.org,Male,228.103.21.65
562,Nancy,Webb,nwebbfl@blogtalkradio.com,Female,17.238.181.187
563,Annie,Brooks,abrooksfm@parallels.com,Female,11.173.135.142
564,Brandon,Baker,bbakerfn@feedburner.com,Male,141.217.172.55
565,Carlos,Black,cblackfo@amazon.com,Male,187.173.4.47
566,Norma,Nichols,nnicholsfp@tuttocitta.it,Female,238.182.248.6
567,Margaret,Hicks,mhicksfq@github.com,Female,158.8.49.44
568,Carl,Mendoza,cmendozafr@aboutads.info,Male,15.222.32.64
569,Jane,Rice,jricefs@delicious.com,Female,208.201.22.90
570,Douglas,Gomez,dgomezft@vkontakte.ru,Male,82.51.134.208
571,Ashley,Perez,aperezfu@ifeng.com,Female,132.187.107.95
572,Johnny,Wilson,jwilsonfv@eventbrite.com,Male,56.222.173.11
573,Andrea,Webb,awebbfw@stanford.edu,Female,59.27.117.45
574,Albert,Cooper,acooperfx@chron.com,Male,44.26.75.23
575,Brian,Lawrence,blawrencefy@examiner.com,Male,205.242.80.153
576,Judith,Lawrence,jlawrencefz@eventbrite.com,Female,63.218.187.152
577,Emily,Henderson,ehendersong0@linkedin.com,Female,124.184.166.207
578,Gerald,Ellis,gellisg1@sourceforge.net,Male,229.137.33.116
579,Lawrence,Burns,lburnsg2@fastcompany.com,Male,250.19.100.129
580,Kimberly,Smith,ksmithg3@cnn.com,Female,220.15.146.220
581,Judith,Cook,jcookg4@irs.gov,Female,121.156.195.12
582,Todd,Fuller,tfullerg5@usatoday.com,Male,2.129.109.183
583,Ralph,Flores,rfloresg6@gmpg.org,Male,229.191.136.54
584,Michael,Mason,mmasong7@nature.com,Male,188.203.125.131
585,Anne,Gilbert,agilbertg8@purevolume.com,Female,130.225.178.73
586,Ashley,Sanchez,asanchezg9@biblegateway.com,Female,197.168.13.210
587,Nicholas,Price,npricega@spotify.com,Male,105.27.142.89
588,Judith,Sims,jsimsgb@networksolutions.com,Female,240.70.10.211
589,Nicholas,Kim,nkimgc@bravesites.com,Male,242.29.156.252
590,Irene,Perry,iperrygd@uiuc.edu,Female,10.33.9.60
591,Elizabeth,Lawson,elawsonge@ocn.ne.jp,Female,170.183.182.154
592,Rebecca,Mills,rmillsgf@technorati.com,Female,80.235.80.205
593,Robert,Jacobs,rjacobsgg@yolasite.com,Male,56.15.244.174
594,Brandon,Cook,bcookgh@mediafire.com,Male,145.90.211.127
595,Shawn,Barnes,sbarnesgi@t-online.de,Male,196.174.189.99
596,Jason,Nelson,jnelsongj@google.de,Male,30.24.56.98
597,Michael,Fox,mfoxgk@bloomberg.com,Male,93.141.99.176
598,Ashley,Williams,awilliamsgl@dion.ne.jp,Female,159.192.219.34
599,Harry,Morrison,hmorrisongm@moonfruit.com,Male,130.29.13.43
600,George,Pierce,gpiercegn@infoseek.co.jp,Male,18.84.55.41
601,Paul,Ross,prossgo@sciencedirect.com,Male,92.193.39.67
602,Johnny,Rodriguez,jrodriguezgp@biblegateway.com,Male,55.110.42.83
603,Philip,Warren,pwarrengq@ed.gov,Male,225.94.173.212
604,Clarence,Scott,cscottgr@thetimes.co.uk,Male,235.241.91.187
605,Lawrence,Kennedy,lkennedygs@apple.com,Male,32.184.255.57
606,Scott,Reed,sreedgt@hud.gov,Male,31.27.118.238
607,Jose,Hudson,jhudsongu@joomla.org,Male,197.38.15.193
608,Antonio,Myers,amyersgv@indiatimes.com,Male,166.234.108.121
609,Jane,Armstrong,jarmstronggw@angelfire.com,Female,95.96.242.247
610,Doris,Hicks,dhicksgx@cnn.com,Female,186.58.63.252
611,Craig,Long,clonggy@zimbio.com,Male,157.77.34.202
612,Charles,Walker,cwalkergz@google.fr,Male,61.6.235.138
613,Diana,Green,dgreenh0@spiegel.de,Female,44.79.91.64
614,Peter,Franklin,pfranklinh1@paypal.com,Male,62.144.207.136
615,Tammy,Harvey,tharveyh2@google.co.jp,Female,200.5.97.13
616,Elizabeth,George,egeorgeh3@economist.com,Female,93.103.48.39
617,Janice,Webb,jwebbh4@webnode.com,Female,70.243.131.166
618,Roger,Hall,rhallh5@irs.gov,Male,30.201.225.60
619,Roger,Griffin,rgriffinh6@ocn.ne.jp,Male,167.173.40.177
620,Johnny,Thomas,jthomash7@artisteer.com,Male,48.39.55.206
621,Joe,Webb,jwebbh8@blinklist.com,Male,35.62.148.234
622,Joe,Larson,jlarsonh9@merriam-webster.com,Male,29.190.107.104
623,Patrick,Jacobs,pjacobsha@cmu.edu,Male,123.202.224.219
624,Wanda,Brooks,wbrookshb@cdc.gov,Female,212.132.232.205
625,Anne,Wallace,awallacehc@dropbox.com,Female,93.245.155.85
626,Terry,Harris,tharrishd@state.gov,Male,54.97.201.96
627,Justin,Warren,jwarrenhe@admin.ch,Male,12.115.62.8
628,Jimmy,Roberts,jrobertshf@smugmug.com,Male,154.206.188.176
629,Judy,Diaz,jdiazhg@photobucket.com,Female,243.197.150.105
630,Paula,Ferguson,pfergusonhh@java.com,Female,159.51.209.149
631,Eugene,Mcdonald,emcdonaldhi@archive.org,Male,24.140.83.176
632,Patricia,Howard,phowardhj@cargocollective.com,Female,204.245.189.207
633,Juan,Ramirez,jramirezhk@trellian.com,Male,213.53.19.100
634,Ruth,Hawkins,rhawkinshl@dailymail.co.uk,Female,238.16.215.238
635,Andrea,Johnson,ajohnsonhm@blinklist.com,Female,225.218.118.58
636,Michelle,Kelley,mkelleyhn@naver.com,Female,145.126.218.166
637,Doris,Duncan,dduncanho@economist.com,Female,229.83.48.55
638,Emily,Simmons,esimmonshp@wisc.edu,Female,35.181.226.12
639,Doris,Lynch,dlynchhq@samsung.com,Female,181.4.12.229
640,George,Bishop,gbishophr@acquirethisname.com,Male,201.224.136.61
641,Patricia,Wood,pwoodhs@networkadvertising.org,Female,218.52.161.74
642,Patricia,Hudson,phudsonht@statcounter.com,Female,22.0.91.239
643,Johnny,Ellis,jellishu@liveinternet.ru,Male,54.210.255.87
644,Keith,Gibson,kgibsonhv@pinterest.com,Male,248.126.46.24
645,Kimberly,Thompson,kthompsonhw@fc2.com,Female,74.29.36.168
646,Patricia,Grant,pgranthx@baidu.com,Female,41.187.99.124
647,Katherine,Graham,kgrahamhy@independent.co.uk,Female,255.4.224.28
648,Richard,Crawford,rcrawfordhz@forbes.com,Male,149.15.179.1
649,Ruth,Ward,rwardi0@reverbnation.com,Female,45.20.197.121
650,Jeremy,Harper,jharperi1@instagram.com,Male,192.200.177.145
651,Rachel,Grant,rgranti2@howstuffworks.com,Female,134.46.54.204
652,Ryan,Jones,rjonesi3@pinterest.com,Male,214.158.62.160
653,Shawn,Johnston,sjohnstoni4@theglobeandmail.com,Male,246.96.111.13
654,Marie,Miller,mmilleri5@deviantart.com,Female,154.148.99.187
655,Kenneth,Griffin,kgriffini6@bloglines.com,Male,88.9.99.143
656,Nicholas,Morgan,nmorgani7@usa.gov,Male,4.129.0.150
657,Benjamin,Marshall,bmarshalli8@ucoz.com,Male,131.208.40.198
658,Donna,Lawrence,dlawrencei9@geocities.com,Female,53.153.228.76
659,Susan,Shaw,sshawia@about.me,Female,187.18.139.215
660,Judy,Hicks,jhicksib@cbc.ca,Female,44.233.248.178
661,Stephen,Collins,scollinsic@skyrock.com,Male,187.14.205.213
662,Deborah,Scott,dscottid@squidoo.com,Female,96.7.235.203
663,Judy,Vasquez,jvasquezie@bloomberg.com,Female,159.168.46.18
664,Gregory,Fox,gfoxif@tripadvisor.com,Male,37.28.144.174
665,Beverly,Price,bpriceig@lulu.com,Female,228.229.195.183
666,Theresa,Edwards,tedwardsih@adobe.com,Female,129.38.230.37
667,Walter,Brooks,wbrooksii@intel.com,Male,56.40.100.113
668,Lawrence,Woods,lwoodsij@stanford.edu,Male,108.122.214.12
669,Anne,Payne,apayneik@oaic.gov.au,Female,214.151.37.199
670,Steve,Holmes,sholmesil@wikispaces.com,Male,203.74.18.54
671,Sean,Owens,sowensim@issuu.com,Male,199.32.20.37
672,Sandra,Knight,sknightin@google.it,Female,252.138.16.76
673,Anthony,Porter,aporterio@whitehouse.gov,Male,40.233.42.149
674,Ruth,Wells,rwellsip@marriott.com,Female,236.66.25.178
675,Kenneth,Fowler,kfowleriq@google.com.au,Male,50.98.206.124
676,Andrew,Turner,aturnerir@cdc.gov,Male,42.222.4.144
677,Bonnie,Peters,bpetersis@nifty.com,Female,69.99.225.150
678,Larry,Moore,lmooreit@flickr.com,Male,218.24.162.234
679,Timothy,Thomas,tthomasiu@addtoany.com,Male,89.229.103.85
680,Anna,Campbell,acampbelliv@lulu.com,Female,234.40.114.143
681,Aaron,Stanley,astanleyiw@rediff.com,Male,140.130.176.71
682,Scott,Carpenter,scarpenterix@w3.org,Male,59.93.125.77
683,Julie,Hayes,jhayesiy@unc.edu,Female,105.141.229.122
684,Phyllis,Gibson,pgibsoniz@china.com.cn,Female,33.73.64.58
685,Karen,Clark,kclarkj0@blogtalkradio.com,Female,226.64.186.254
686,David,Ward,dwardj1@hugedomains.com,Male,81.224.30.136
687,Justin,Carpenter,jcarpenterj2@ezinearticles.com,Male,39.249.146.160
688,Marie,Evans,mevansj3@addthis.com,Female,168.227.184.226
689,Gregory,Scott,gscottj4@moonfruit.com,Male,47.161.119.109
690,Wayne,Johnston,wjohnstonj5@shutterfly.com,Male,49.66.207.63
691,Annie,Morrison,amorrisonj6@whitehouse.gov,Female,215.126.42.115
692,Lois,Walker,lwalkerj7@cnbc.com,Female,250.92.12.229
693,Ruth,White,rwhitej8@webeden.co.uk,Female,106.85.218.27
694,Margaret,Schmidt,mschmidtj9@admin.ch,Female,236.100.141.178
695,Eugene,Kelley,ekelleyja@simplemachines.org,Male,162.123.135.87
696,Ruth,Johnson,rjohnsonjb@soup.io,Female,124.244.184.60
697,Douglas,Henry,dhenryjc@techcrunch.com,Male,27.12.169.164
698,Denise,Murray,dmurrayjd@360.cn,Female,72.118.213.27
699,Kenneth,Spencer,kspencerje@weather.com,Male,151.51.13.129
700,Dorothy,Kelley,dkelleyjf@naver.com,Female,214.158.164.173
701,Howard,King,hkingjg@exblog.jp,Male,73.151.61.153
702,Billy,Mccoy,bmccoyjh@so-net.ne.jp,Male,154.215.140.62
703,Sara,Richardson,srichardsonji@rambler.ru,Female,153.182.93.108
704,Betty,Medina,bmedinajj@quantcast.com,Female,195.59.182.7
705,Howard,Campbell,hcampbelljk@fema.gov,Male,110.110.217.98
706,Paul,Morris,pmorrisjl@webeden.co.uk,Male,218.63.71.120
707,Eric,Garza,egarzajm@devhub.com,Male,48.148.39.245
708,Frances,Tucker,ftuckerjn@free.fr,Female,13.51.235.242
709,Catherine,Adams,cadamsjo@comsenz.com,Female,216.2.156.124
710,Martha,Burke,mburkejp@ed.gov,Female,72.1.248.121
711,Peter,Woods,pwoodsjq@mapquest.com,Male,160.223.152.94
712,Sharon,Montgomery,smontgomeryjr@ehow.com,Female,23.146.235.30
713,Ryan,Moreno,rmorenojs@mapquest.com,Male,94.40.119.237
714,David,Hart,dhartjt@photobucket.com,Male,241.201.68.176
715,Betty,Henderson,bhendersonju@zdnet.com,Female,97.91.4.230
716,Andrew,Palmer,apalmerjv@last.fm,Male,42.243.219.206
717,Judith,Harper,jharperjw@jiathis.com,Female,26.243.43.75
718,Andrea,Wells,awellsjx@wordpress.com,Female,80.20.125.144
719,Donna,Wilson,dwilsonjy@state.tx.us,Female,63.183.157.130
720,Arthur,Henry,ahenryjz@un.org,Male,48.9.172.121
721,Julie,Mitchell,jmitchellk0@alexa.com,Female,78.210.204.220
722,Irene,Graham,igrahamk1@auda.org.au,Female,216.156.161.102
723,Ernest,Adams,eadamsk2@blogspot.com,Male,101.195.104.40
724,Christina,Ryan,cryank3@e-recht24.de,Female,218.137.211.90
725,Daniel,Duncan,dduncank4@yellowbook.com,Male,252.24.121.193
726,Gloria,Dunn,gdunnk5@cafepress.com,Female,66.121.92.14
727,Diane,Weaver,dweaverk6@github.io,Female,52.106.250.74
728,Nicole,Hanson,nhansonk7@barnesandnoble.com,Female,6.237.134.100
729,Harry,Murray,hmurrayk8@mtv.com,Male,232.66.225.243
730,Adam,Rogers,arogersk9@paypal.com,Male,175.107.171.4
731,Margaret,Hunter,mhunterka@si.edu,Female,3.40.147.70
732,Douglas,West,dwestkb@chronoengine.com,Male,132.165.17.205
733,Harry,Mitchell,hmitchellkc@yahoo.co.jp,Male,193.48.40.19
734,Wayne,Moreno,wmorenokd@bloglovin.com,Male,120.210.216.26
735,Lisa,Dixon,ldixonke@dyndns.org,Female,45.14.135.207
736,Julia,Henderson,jhendersonkf@epa.gov,Female,107.225.237.109
737,Jose,White,jwhitekg@google.com,Male,65.214.73.231
738,Susan,Collins,scollinskh@nyu.edu,Female,149.88.118.149
739,Louise,Howard,lhowardki@kickstarter.com,Female,83.195.46.122
740,Robert,Hunter,rhunterkj@cocolog-nifty.com,Male,139.16.154.96
741,Beverly,Simpson,bsimpsonkk@abc.net.au,Female,167.196.136.182
742,Susan,Lee,sleekl@cisco.com,Female,31.4.202.232
743,Heather,Spencer,hspencerkm@github.com,Female,217.202.227.175
744,Brian,Turner,bturnerkn@archive.org,Male,159.139.187.247
745,Deborah,Anderson,dandersonko@berkeley.edu,Female,228.255.215.224
746,Evelyn,Thomas,ethomaskp@nydailynews.com,Female,178.141.127.146
747,Edward,Wood,ewoodkq@hubpages.com,Male,152.169.101.177
748,Clarence,Tucker,ctuckerkr@sina.com.cn,Male,46.170.65.36
749,Ralph,Ortiz,rortizks@prweb.com,Male,99.72.204.252
750,Harold,Kim,hkimkt@tinypic.com,Male,128.136.153.55
751,Pamela,Medina,pmedinaku@deviantart.com,Female,115.43.197.46
752,Helen,Cox,hcoxkv@arizona.edu,Female,78.123.219.138
753,Shawn,Payne,spaynekw@de.vu,Male,45.7.238.46
754,David,Johnston,djohnstonkx@senate.gov,Male,174.72.138.188
755,Laura,Long,llongky@sun.com,Female,67.226.59.8
756,Pamela,Bryant,pbryantkz@livejournal.com,Female,172.42.69.206
757,Raymond,Baker,rbakerl0@i2i.jp,Male,124.61.174.224
758,Donna,Smith,dsmithl1@cnet.com,Female,162.10.159.250
759,Martin,Kennedy,mkennedyl2@ca.gov,Male,135.41.206.65
760,Deborah,Dixon,ddixonl3@ezinearticles.com,Female,154.226.52.223
761,Jason,Parker,jparkerl4@angelfire.com,Male,206.186.162.87
762,Jose,Boyd,jboydl5@washington.edu,Male,226.211.152.111
763,Helen,Carroll,hcarrolll6@csmonitor.com,Female,252.15.82.251
764,Julia,Russell,jrusselll7@blogger.com,Female,12.133.156.181
765,Kelly,Medina,kmedinal8@paginegialle.it,Female,58.121.42.48
766,Joan,Vasquez,jvasquezl9@multiply.com,Female,130.186.228.106
767,Lois,Garrett,lgarrettla@webmd.com,Female,97.216.239.37
768,Jonathan,Spencer,jspencerlb@squidoo.com,Male,235.33.75.20
769,Donald,Bradley,dbradleylc@spiegel.de,Male,71.153.155.47
770,Jesse,Hudson,jhudsonld@chronoengine.com,Male,136.238.146.112
771,Joseph,Spencer,jspencerle@earthlink.net,Male,181.144.60.69
772,Doris,Warren,dwarrenlf@g.co,Female,223.241.179.167
773,Sharon,Banks,sbankslg@ca.gov,Female,250.63.139.224
774,Wanda,Perez,wperezlh@slashdot.org,Female,173.120.135.201
775,Andrew,Martinez,amartinezli@illinois.edu,Male,167.64.242.14
776,Anne,Ryan,aryanlj@time.com,Female,115.234.125.193
777,Patricia,Clark,pclarklk@slashdot.org,Female,223.56.157.26
778,Diane,Davis,ddavisll@ask.com,Female,95.243.42.54
779,Ryan,Hudson,rhudsonlm@t.co,Male,63.13.169.123
780,Helen,Barnes,hbarnesln@twitter.com,Female,109.206.145.139
781,Lawrence,Myers,lmyerslo@cam.ac.uk,Male,56.74.233.181
782,Fred,Peters,fpeterslp@vkontakte.ru,Male,183.158.34.156
783,Samuel,Martinez,smartinezlq@ycombinator.com,Male,23.106.40.164
784,Catherine,Grant,cgrantlr@shutterfly.com,Female,17.28.232.255
785,Shirley,Johnson,sjohnsonls@wiley.com,Female,11.224.251.175
786,Sharon,Clark,sclarklt@51.la,Female,125.81.62.227
787,Richard,Hicks,rhickslu@hostgator.com,Male,249.24.82.98
788,Margaret,Moreno,mmorenolv@skype.com,Female,90.117.152.203
789,Tina,Moreno,tmorenolw@i2i.jp,Female,154.139.171.77
790,Walter,Jackson,wjacksonlx@4shared.com,Male,246.104.237.212
791,Douglas,White,dwhitely@youtube.com,Male,118.100.147.246
792,Philip,Mitchell,pmitchelllz@nasa.gov,Male,2.151.147.19
793,Roger,Nguyen,rnguyenm0@mayoclinic.com,Male,71.56.240.169
794,Betty,Chapman,bchapmanm1@de.vu,Female,105.202.249.91
795,Antonio,Edwards,aedwardsm2@com.com,Male,4.113.153.129
796,Lori,George,lgeorgem3@amazon.co.jp,Female,210.197.91.212
797,Maria,Black,mblackm4@wsj.com,Female,254.40.136.59
798,Gerald,Collins,gcollinsm5@europa.eu,Male,182.78.183.172
799,Anthony,Parker,aparkerm6@java.com,Male,231.215.47.43
800,Joe,Williamson,jwilliamsonm7@fema.gov,Male,125.187.212.199
801,Judith,Lopez,jlopezm8@hao123.com,Female,61.7.169.107
802,Jacqueline,Coleman,jcolemanm9@4shared.com,Female,9.67.229.13
803,Jean,Wagner,jwagnerma@digg.com,Female,116.98.91.129
804,Melissa,Duncan,mduncanmb@51.la,Female,233.56.74.191
805,Marilyn,Baker,mbakermc@altervista.org,Female,115.96.39.90
806,Steve,Simpson,ssimpsonmd@mail.ru,Male,66.122.144.234
807,Lillian,Burton,lburtonme@e-recht24.de,Female,131.209.78.20
808,Judy,Henderson,jhendersonmf@census.gov,Female,209.94.25.125
809,Carolyn,Fuller,cfullermg@bizjournals.com,Female,137.87.217.43
810,Doris,Wagner,dwagnermh@cdbaby.com,Female,197.25.105.237
811,Jerry,Hughes,jhughesmi@delicious.com,Male,178.149.207.121
812,Steve,Turner,sturnermj@ucoz.com,Male,169.11.28.219
813,Paula,Fields,pfieldsmk@t-online.de,Female,195.42.59.69
814,Phillip,Larson,plarsonml@jimdo.com,Male,167.77.89.21
815,Antonio,Bailey,abaileymm@angelfire.com,Male,131.192.245.51
816,Barbara,Bowman,bbowmanmn@oracle.com,Female,15.0.238.208
817,Kelly,Robinson,krobinsonmo@cocolog-nifty.com,Female,82.49.66.38
818,Helen,Armstrong,harmstrongmp@posterous.com,Female,103.122.222.156
819,Kelly,Morris,kmorrismq@opera.com,Female,48.168.152.107
820,Matthew,Harrison,mharrisonmr@1und1.de,Male,149.187.250.157
821,William,White,wwhitems@cbslocal.com,Male,46.205.83.46
822,Ronald,Cruz,rcruzmt@omniture.com,Male,98.185.210.140
823,Michelle,Hill,mhillmu@nba.com,Female,218.49.244.186
824,Steven,Holmes,sholmesmv@cbslocal.com,Male,19.14.218.92
825,Christina,Howell,chowellmw@spiegel.de,Female,123.34.72.16
826,Jose,Chavez,jchavezmx@java.com,Male,90.128.190.78
827,Jesse,Collins,jcollinsmy@ovh.net,Male,41.78.225.26
828,Jean,Johnston,jjohnstonmz@apple.com,Female,93.194.35.116
829,Frank,Meyer,fmeyern0@walmart.com,Male,65.203.199.214
830,Jonathan,Sims,jsimsn1@imdb.com,Male,41.48.3.56
831,Wayne,Howard,whowardn2@house.gov,Male,17.220.219.0
832,Patrick,Palmer,ppalmern3@cnbc.com,Male,29.76.149.238
833,Teresa,Patterson,tpattersonn4@instagram.com,Female,78.15.167.170
834,Elizabeth,Rogers,erogersn5@un.org,Female,232.84.102.65
835,Joseph,Reed,jreedn6@indiegogo.com,Male,160.226.237.206
836,George,Gibson,ggibsonn7@craigslist.org,Male,88.147.21.43
837,Catherine,Burton,cburtonn8@soup.io,Female,94.42.255.79
838,Carl,Kelly,ckellyn9@nifty.com,Male,134.65.120.175
839,Julie,Payne,jpaynena@facebook.com,Female,165.42.215.185
840,Eric,Lawson,elawsonnb@themeforest.net,Male,64.24.122.49
841,Julia,Campbell,jcampbellnc@nymag.com,Female,62.38.21.91
842,Louis,Ray,lraynd@narod.ru,Male,87.76.144.156
843,Ruby,Dixon,rdixonne@archive.org,Female,175.159.248.219
844,Ashley,White,awhitenf@indiegogo.com,Female,9.68.139.235
845,Janice,Watkins,jwatkinsng@fc2.com,Female,247.142.167.23
846,Frances,Moore,fmoorenh@youku.com,Female,27.152.218.25
847,Louis,Morgan,lmorganni@ted.com,Male,131.70.114.8
848,Adam,Stephens,astephensnj@bbc.co.uk,Male,208.7.209.244
849,Clarence,Cole,ccolenk@edublogs.org,Male,173.226.116.76
850,Margaret,Gibson,mgibsonnl@globo.com,Female,69.132.140.239
851,Gregory,Moore,gmoorenm@tuttocitta.it,Male,47.161.245.209
852,Michael,Cunningham,mcunninghamnn@sciencedaily.com,Male,230.254.119.59
853,Henry,Morales,hmoralesno@simplemachines.org,Male,210.170.231.41
854,Ann,Gardner,agardnernp@nhs.uk,Female,25.40.109.0
855,Jerry,Dixon,jdixonnq@jiathis.com,Male,238.95.151.195
856,Donald,Welch,dwelchnr@boston.com,Male,26.125.61.12
857,Paula,Willis,pwillisns@bluehost.com,Female,82.250.254.181
858,Kelly,Watson,kwatsonnt@youku.com,Female,236.21.18.1
859,Janice,Rodriguez,jrodrigueznu@fotki.com,Female,146.110.88.146
860,Earl,Bishop,ebishopnv@alibaba.com,Male,58.226.213.165
861,Irene,Williams,iwilliamsnw@bigcartel.com,Female,47.125.174.146
862,Amy,Greene,agreenenx@walmart.com,Female,226.46.222.5
863,Randy,Howell,rhowellny@scientificamerican.com,Male,185.142.179.167
864,Jesse,Bell,jbellnz@wufoo.com,Male,213.11.190.178
865,Robert,Ray,rrayo0@europa.eu,Male,169.143.87.169
866,Deborah,Cole,dcoleo1@google.cn,Female,168.44.246.106
867,Terry,Ryan,tryano2@usa.gov,Male,180.201.175.215
868,Theresa,Palmer,tpalmero3@pcworld.com,Female,1.54.54.242
869,Diane,Perez,dperezo4@boston.com,Female,26.51.133.33
870,Wayne,Evans,wevanso5@stanford.edu,Male,177.174.208.87
871,Rebecca,Perez,rperezo6@ycombinator.com,Female,86.157.205.108
872,Wayne,Banks,wbankso7@sciencedirect.com,Male,39.27.27.28
873,Martin,Crawford,mcrawfordo8@icio.us,Male,231.180.87.46
874,Alan,Matthews,amatthewso9@csmonitor.com,Male,7.119.165.24
875,Amy,Boyd,aboydoa@shop-pro.jp,Female,140.152.181.37
876,Sandra,Simpson,ssimpsonob@ameblo.jp,Female,234.77.223.192
877,Janice,Howard,jhowardoc@comsenz.com,Female,160.202.99.50
878,Patricia,Matthews,pmatthewsod@1688.com,Female,140.214.148.110
879,Teresa,Ferguson,tfergusonoe@paginegialle.it,Female,101.145.136.180
880,Diane,Garrett,dgarrettof@linkedin.com,Female,83.176.17.32
881,Ruth,Gray,rgrayog@webnode.com,Female,127.9.222.142
882,Antonio,Little,alittleoh@fda.gov,Male,70.22.4.185
883,Adam,Spencer,aspenceroi@discovery.com,Male,104.50.49.216
884,Deborah,Gonzalez,dgonzalezoj@gnu.org,Female,3.9.222.101
885,Angela,Kim,akimok@discovery.com,Female,98.11.189.247
886,Katherine,Reed,kreedol@scribd.com,Female,105.176.166.131
887,Sean,Berry,sberryom@dailymotion.com,Male,228.184.197.132
888,Craig,Gutierrez,cgutierrezon@un.org,Male,25.60.180.243
889,Joyce,Scott,jscottoo@thetimes.co.uk,Female,233.147.80.126
890,Alan,Moreno,amorenoop@forbes.com,Male,252.221.229.103
891,Debra,Franklin,dfranklinoq@earthlink.net,Female,46.193.65.209
892,Matthew,Wright,mwrightor@forbes.com,Male,254.50.30.142
893,Katherine,Lynch,klynchos@com.com,Female,51.165.15.12
894,Shirley,Owens,sowensot@trellian.com,Female,71.144.111.23
895,Victor,Nelson,vnelsonou@tripadvisor.com,Male,187.147.4.180
896,Cynthia,Diaz,cdiazov@lulu.com,Female,229.54.209.226
897,Nicole,Freeman,nfreemanow@dion.ne.jp,Female,162.45.105.212
898,Aaron,Cox,acoxox@google.com.br,Male,173.177.43.13
899,Ralph,Henderson,rhendersonoy@blogs.com,Male,4.22.213.204
900,Kathryn,Gomez,kgomezoz@japanpost.jp,Female,176.15.0.203
901,Julia,Sanders,jsandersp0@netvibes.com,Female,166.41.194.36
902,Eugene,Burns,eburnsp1@chron.com,Male,226.106.151.63
903,Janet,Matthews,jmatthewsp2@tinyurl.com,Female,249.93.68.149
904,Charles,Howard,chowardp3@fc2.com,Male,228.173.136.116
905,Phillip,Franklin,pfranklinp4@webs.com,Male,218.236.6.85
906,Ashley,Ross,arossp5@nifty.com,Female,67.61.7.104
907,Jerry,Mccoy,jmccoyp6@posterous.com,Male,241.70.139.0
908,Christopher,Hayes,chayesp7@wiley.com,Male,232.226.22.113
909,Clarence,Porter,cporterp8@cyberchimps.com,Male,173.119.64.127
910,Doris,Kim,dkimp9@twitter.com,Female,157.41.2.169
911,Charles,Rivera,criverapa@yandex.ru,Male,162.24.48.98
912,Adam,Andrews,aandrewspb@paypal.com,Male,94.141.226.185
913,Lori,Austin,laustinpc@imageshack.us,Female,175.117.85.102
914,Ronald,Rodriguez,rrodriguezpd@wp.com,Male,13.195.72.98
915,Mark,Wallace,mwallacepe@blinklist.com,Male,224.160.107.44
916,Edward,Hicks,ehickspf@si.edu,Male,116.20.161.43
917,Judy,Freeman,jfreemanpg@mediafire.com,Female,68.170.129.124
918,Cynthia,Greene,cgreeneph@si.edu,Female,227.115.114.69
919,Jessica,Jacobs,jjacobspi@paginegialle.it,Female,40.98.33.9
920,Bonnie,Mcdonald,bmcdonaldpj@princeton.edu,Female,211.66.152.209
921,Matthew,Shaw,mshawpk@theatlantic.com,Male,205.59.135.18
922,Gregory,Patterson,gpattersonpl@edublogs.org,Male,87.208.238.229
923,Marilyn,Pierce,mpiercepm@dropbox.com,Female,180.177.152.187
924,Paula,Jones,pjonespn@aol.com,Female,19.80.124.226
925,John,Ray,jraypo@marriott.com,Male,188.36.94.62
926,Aaron,Morales,amoralespp@qq.com,Male,16.145.142.8
927,Anne,Bennett,abennettpq@walmart.com,Female,51.210.6.239
928,Virginia,Lee,vleepr@indiatimes.com,Female,195.54.97.250
929,Wayne,Thompson,wthompsonps@prnewswire.com,Male,1.207.252.73
930,Jose,Lopez,jlopezpt@seesaa.net,Male,249.34.42.111
931,Terry,Fox,tfoxpu@mayoclinic.com,Male,152.45.209.147
932,Debra,Carpenter,dcarpenterpv@devhub.com,Female,248.99.90.63
933,Irene,Tucker,ituckerpw@cpanel.net,Female,156.227.91.100
934,Mary,Rose,mrosepx@w3.org,Female,145.201.246.164
935,Annie,Wells,awellspy@cpanel.net,Female,137.245.177.120
936,Shawn,Hamilton,shamiltonpz@de.vu,Male,149.13.97.9
937,Judith,Bennett,jbennettq0@twitter.com,Female,162.232.131.43
938,Stephanie,Medina,smedinaq1@mac.com,Female,175.217.14.78
939,Rebecca,Boyd,rboydq2@theguardian.com,Female,151.21.216.165
940,Harold,Hanson,hhansonq3@samsung.com,Male,8.152.236.106
941,Alan,Wheeler,awheelerq4@wired.com,Male,247.136.78.150
942,Gerald,Porter,gporterq5@google.ru,Male,54.95.32.160
943,Adam,Hunter,ahunterq6@smh.com.au,Male,233.228.152.188
944,Jason,Wallace,jwallaceq7@ezinearticles.com,Male,163.4.62.213
945,Sean,Warren,swarrenq8@disqus.com,Male,134.71.173.239
946,Catherine,Moore,cmooreq9@paginegialle.it,Female,58.254.3.32
947,Aaron,Dunn,adunnqa@nbcnews.com,Male,194.198.88.211
948,Thomas,White,twhiteqb@tripadvisor.com,Male,126.52.38.221
949,Sean,Garcia,sgarciaqc@macromedia.com,Male,151.85.189.172
950,Jennifer,Carpenter,jcarpenterqd@google.com.br,Female,218.180.125.217
951,Mildred,Alvarez,malvarezqe@yahoo.co.jp,Female,19.30.24.9
952,Jason,Riley,jrileyqf@who.int,Male,73.164.154.17
953,Marilyn,Coleman,mcolemanqg@icq.com,Female,242.78.241.59
954,Nancy,Rice,nriceqh@dell.com,Female,49.80.65.110
955,Frank,Hughes,fhughesqi@who.int,Male,92.252.143.56
956,Lawrence,Hudson,lhudsonqj@dagondesign.com,Male,146.198.90.164
957,Arthur,Mcdonald,amcdonaldqk@bravesites.com,Male,86.67.141.185
958,Irene,Hayes,ihayesql@ox.ac.uk,Female,30.138.222.197
959,Samuel,Black,sblackqm@google.com,Male,26.109.100.23
960,Julia,Ramos,jramosqn@icio.us,Female,235.35.40.251
961,Donald,Alvarez,dalvarezqo@about.com,Male,173.76.56.232
962,Cynthia,Collins,ccollinsqp@soundcloud.com,Female,155.153.245.186
963,Jonathan,Matthews,jmatthewsqq@blinklist.com,Male,7.79.190.75
964,Judy,Bowman,jbowmanqr@ebay.co.uk,Female,225.37.118.236
965,Kathy,Woods,kwoodsqs@seesaa.net,Female,191.12.152.72
966,Russell,Ruiz,rruizqt@squidoo.com,Male,200.12.114.19
967,Sharon,Gilbert,sgilbertqu@thetimes.co.uk,Female,173.181.117.29
968,Earl,Payne,epayneqv@sourceforge.net,Male,25.111.95.43
969,Emily,Burns,eburnsqw@cafepress.com,Female,236.153.226.54
970,Richard,Kim,rkimqx@vimeo.com,Male,116.228.45.182
971,Larry,Black,lblackqy@csmonitor.com,Male,62.154.94.104
972,Ruby,Riley,rrileyqz@reuters.com,Female,76.250.156.211
973,Jennifer,Andrews,jandrewsr0@sciencedirect.com,Female,111.191.103.103
974,Earl,Gutierrez,egutierrezr1@mapy.cz,Male,44.126.116.67
975,Evelyn,Frazier,efrazierr2@columbia.edu,Female,216.236.253.110
976,Deborah,Dixon,ddixonr3@mit.edu,Female,214.34.227.142
977,Martha,Scott,mscottr4@cafepress.com,Female,212.61.39.54
978,Henry,Garrett,hgarrettr5@zimbio.com,Male,240.195.233.193
979,Karen,Coleman,kcolemanr6@aboutads.info,Female,110.131.135.79
980,Edward,Lee,eleer7@weibo.com,Male,139.236.41.88
981,George,Day,gdayr8@home.pl,Male,151.22.120.18
982,Irene,Wood,iwoodr9@amazon.de,Female,148.59.159.76
983,Brandon,Gray,bgrayra@phoca.cz,Male,47.160.23.89
984,Evelyn,Oliver,eoliverrb@examiner.com,Female,76.22.207.221
985,Victor,Romero,vromerorc@cmu.edu,Male,111.229.8.137
986,Evelyn,Gomez,egomezrd@reuters.com,Female,143.135.133.16
987,Benjamin,Russell,brussellre@goo.gl,Male,95.85.42.33
988,Michelle,Wallace,mwallacerf@facebook.com,Female,41.47.183.198
989,Barbara,Nelson,bnelsonrg@ask.com,Female,39.173.78.130
990,Eric,Reid,ereidrh@cbc.ca,Male,171.164.28.170
991,Philip,Baker,pbakerri@independent.co.uk,Male,42.229.11.83
992,Brandon,Simmons,bsimmonsrj@meetup.com,Male,154.54.251.28
993,Dennis,Rogers,drogersrk@epa.gov,Male,39.173.223.160
994,Roger,Hanson,rhansonrl@ft.com,Male,63.89.17.155
995,Louise,Phillips,lphillipsrm@php.net,Female,40.166.15.94
996,Joan,Murray,jmurrayrn@over-blog.com,Female,106.65.165.42
997,Thomas,Garza,tgarzaro@chron.com,Male,158.190.118.14
998,Thomas,Alvarez,talvarezrp@hc360.com,Male,171.60.37.153
999,Julie,Stevens,jstevensrq@meetup.com,Female,107.86.195.97
1000,Robert,Pierce,rpiercerr@ezinearticles.com,Male,52.217.21.29
